filename,title,description,tags,niche
/home/bernardogv/projects/pod-designs/output/2026-02-14/coding/coding_002_nobg.png,Kawaii Coding Dinosaur Sticker,"Adorable kawaii dinosaur coding! This cute chibi illustration is perfect for stickers, laptop designs, or any tech lover. Featuring pastel colors and bold outlines, this high-quality design is ideal for programmers and anyone who loves a touch of digital art.","coding, dinosaur, kawaii, sticker, cute, chibi, pastel, illustration, computer, programmer, digital art, graphic design, art, isolated, design",coding
/home/bernardogv/projects/pod-designs/output/2026-02-14/coding/coding_009_nobg.png,Cute Coding Coffee Girl,"This adorable kawaii illustration of a coding girl with coffee and glasses is perfect for any tech enthusiast! Featuring a bold, cartoon style and a clean white background, it's a great sticker or mug design for programmers and coffee lovers alike.  Show your love for coding with this charming graphic!","coding, programmer, coffee, kawaii, cartoon, illustration, laptop, glasses, cute, digital art, sticker, white background, graphic design, expressive eyes, programmer gift",coding
/home/bernardogv/projects/pod-designs/output/2026-02-14/coding/coding_001_nobg.png,Kawaii Penguin Coding Sticker,"This adorable kawaii penguin sticker is perfect for coding enthusiasts! Featuring a cute, big-headed design with a laptop, it’s a delightful way to express your love for programming and digital art.  Ideal for laptops, water bottles, and more!","penguin, coding, programmer, kawaii, cute, sticker, laptop, digital art, adorable, animal, graphic design, isolated, white background, vector art, character design",coding
/home/bernardogv/projects/pod-designs/output/2026-02-14/coding/coding_006_nobg.png,Kawaii Coding Owl Sticker,"Adorable kawaii illustration of a sleepy programmer owl! Perfect for laptop stickers and digital art, this chibi design features pastel colors and bold outlines for a cute and clean aesthetic. Ideal for coders and tech lovers!","coding, programmer, owl, kawaii, chibi, sticker, pastel, cute, illustration, digital art, sleepy, graphic design, isolated, vector art, sticker design",coding
/home/bernardogv/projects/pod-designs/output/2026-02-14/coding/coding_007_nobg.png,Cute Coding Bunny - Tech Startup,"This adorable bunny is ready to take on the tech world! Perfect for coding enthusiasts and tech startups, this kawaii illustration makes a fun and unique gift for any programmer.  Grab this cute bunny sticker or print for your tech workspace!","coding, bunny, kawaii, tech, startup, programmer, computer, cartoon, illustration, adorable, digital art, sticker, graphic design, bunny art, cute",coding
/home/bernardogv/projects/pod-designs/output/2026-02-14/coding/coding_005_nobg.png,Coding Coffee Cup Character,"Perfect for coding enthusiasts, this adorable cartoon coffee cup character enjoys their work at the laptop. This vibrant flat illustration is ideal for stickers, t-shirts, and other coding-related merchandise, showcasing a cute and memorable design.","coding, programmer, developer, coffee, cartoon, cute, laptop, illustration, flat design, sticker, digital art, isolated, character, vector, graphic design",coding
/home/bernardogv/projects/pod-designs/output/2026-02-14/coding/coding_008_nobg.png,Cute Coding Octopus - Sticker Design,"This adorable cartoon octopus is a coding enthusiast, juggling multiple laptops with a cute and expressive style. Perfect for programmers, tech lovers, and anyone who appreciates a funny and unique sticker design. Get your cute coding octopus today!","coding, octopus, programmer, cute, cartoon, illustration, laptop, multitasking, sticker, design, digital art, white background, vector, isolated, funny",coding
/home/bernardogv/projects/pod-designs/output/2026-02-14/coding/coding_010_nobg.png,Kawaii Coding Owl Sticker - Sleepy Programmer,"Adorable kawaii coding owl illustration perfect for stickers and laptop designs. This chibi style programmer owl, rendered in pastel colors with bold outlines, is a cute and quirky addition to any tech lover's collection.  Get your sticker today!","coding, programmer, owl, kawaii, sticker, chibi, pastel, cute, sleepy, illustration, digital art, graphic design, isolated, white background, vector art",coding
/home/bernardogv/projects/pod-designs/output/2026-02-14/coding/coding_003_nobg.png,Cute Sleepy Coding Owl Sticker,"This adorable sleepy owl illustration is perfect for any coding enthusiast! Featuring a cute, cartoon design with bold outlines and large expressive eyes, it's a fantastic sticker or graphic for laptops, water bottles, and more.  Get your 'coding owl' today!","coding, programmer, owl, cute, sleepy, cartoon, illustration, flat design, sticker, graphic design, digital art, owl sticker, programmer sticker, funny, isolated",coding
/home/bernardogv/projects/pod-designs/output/2026-02-14/coding/coding_004_nobg.png,Coding Cat - Cute Keyboard Sticker,"This adorable cartoon cat is the perfect gift for any coder or tech enthusiast! Featuring a cute, expressive design on a white background, this sticker is ideal for laptops, water bottles, and more.  Get your paws on this charming coding cat design today!","coding, cat, programmer, cute, sticker, keyboard, cartoon, illustration, digital art, funny, graphic design, isolated, white background, vector art, cat lover",coding
/home/bernardogv/projects/pod-designs/output/2026-02-14/cats/cats_012_nobg.png,Cute Chonky Pirate Cat Sticker,"This adorable sticker features a cute chonky cat dressed as a pirate, perfect for adding a touch of kawaii charm to your belongings.  Ideal for cat lovers and collectors of charming character designs, this high-quality sticker is a fantastic gift or addition to any sticker collection.","cat, pirate, kawaii, cute, chonky, sticker, illustration, animal, adorable, character, pet, gift, white, isolated, design",cats
/home/bernardogv/projects/pod-designs/output/2026-02-14/cats/cats_014_nobg.png,Majestic Cat Illustration - Sticker Art,"This adorable majestic cat illustration is perfect for sticker lovers! Featuring a cute, round cartoon cat character with bold outlines and a clean design, it's ideal for adding personality to laptops, water bottles, or anywhere you need a touch of feline charm.  A high-quality, isolated sticker design with a solid white background.","cat, cute, cartoon, animal, kitten, illustration, sticker, art, pet, adorable, round, isolated, white, graphic, design",cats
/home/bernardogv/projects/pod-designs/output/2026-02-14/cats/cats_015_nobg.png,Kawaii Cat Loaf Sticker - Pastel Cute,"This adorable kawaii cat loaf sticker features a round, fluffy design with big, cute eyes and a pastel art style. Perfect for decorating laptops, water bottles, or journals, this high-quality sticker brings a touch of sweetness to any space. A charming and simple design for cat lovers!","cat, kawaii, loaf, sticker, pastel, cute, animal, fluffy, adorable, pet, digital art, round, big eyes, isolated, sticker design",cats
/home/bernardogv/projects/pod-designs/output/2026-02-14/cats/cats_020_nobg.png,Surprised Cute Cat Sticker,"This adorable surprised cat illustration is perfect for adding a touch of cuteness to your belongings! Featuring a cute, round cat character with bold outlines and a clean design, it’s a fantastic sticker or print for any cat lover. Download this high-quality sticker design today!","cat, kitten, cute, adorable, cartoon, illustration, sticker, animal, pet, graphic, art, round, isolated, white background, sticker design",cats
/home/bernardogv/projects/pod-designs/output/2026-02-14/cats/cats_017_nobg.png,Cute Chonky Superhero Cat Sticker,"Looking for a ridiculously cute sticker? This adorable chonky cat, dressed as a superhero, is the perfect addition to your laptop, water bottle, or anywhere you need a dose of charm.  Featuring a pastel illustration and clean edges, this isolated subject design is ideal for cat lovers!","cat, superhero, chonky, cute, pastel, illustration, character, adorable, sticker, art, animal, kawaii, pet, gift, design",cats
/home/bernardogv/projects/pod-designs/output/2026-02-14/cats/cats_013_nobg.png,Kawaii Funny Cat Treat Demand,"This adorable kawaii cat illustration is begging for treats! Featuring a bold, chibi design with a clean white background, it's perfect for any cat lover.  Get this cute sticker design for your laptop, water bottle, or anywhere you need a dose of feline charm.","cat, cute, kawaii, cartoon, chibi, illustration, animal, pet, adorable, sticker, funny, isolated, white background, vector, digital art",cats
/home/bernardogv/projects/pod-designs/output/2026-02-14/cats/cats_018_nobg.png,Kawaii Majestic Cat Sticker,"This adorable kawaii cat sticker features a majestic and fluffy cartoon character with big, cute eyes. Perfect for decorating laptops, water bottles, or notebooks – it's a delightful addition for any cat lover seeking a charming and high-quality design.","cat, kawaii, cute, sticker, animal, cartoon, pet, fluffy, majestic, digital art, round, eyes, isolated, white, character",cats
/home/bernardogv/projects/pod-designs/output/2026-02-14/cats/cats_019_nobg.png,Cute Mischievous Cat Sticker,"This adorable mischievous cat illustration is perfect for adding a touch of cuteness to your laptop, water bottle, or notebook. Featuring a clean, flat design with bold outlines and a solid white background, this cute cat sticker is ideal for any cat lover seeking sticker art!","cat, kitten, mischievous, adorable, illustration, flat design, sticker, cute, round, character, animal, pet, art, design, white background",cats
/home/bernardogv/projects/pod-designs/output/2026-02-14/cats/cats_016_nobg.png,Cute Chonky Cat Scarf,"This adorable illustration features a cute, chubby cat snuggled up in a cozy scarf. Perfect for sticker lovers and cat enthusiasts, this high-quality design will brighten any space with its charming character art.","cat, chunky cat, kitten, adorable, illustration, flat design, sticker, animal, pet, cute, kawaii, gift, wall art, design, character",cats
/home/bernardogv/projects/pod-designs/output/2026-02-14/cats/cats_011_nobg.png,Kawaii Mischievous Cat Sticker,"Looking for a super cute and mischievous cat sticker? This kawaii design features a round, fluffy character with big, adorable eyes – perfect for decorating laptops, water bottles, or anything you need a touch of feline fun!  This high-quality sticker boasts a clean, flat design and a solid white background.","cat, kawaii, mischievous, cute, sticker, animal, fluffy, pet, digital art, flat design, round, eyes, isolated, white background, character",cats
/home/bernardogv/projects/pod-designs/output/2026-02-14/nature/nature_025_nobg.png,Cute Rabbit Autumn Sticker,"Bring a touch of autumn with this adorable rabbit sticker! Featuring delicate leaves and a clean, flat design, this cute illustration is perfect for decorating laptops, water bottles, or journals.  A beautiful and high-quality sticker design for nature lovers.","rabbit, autumn, fall, leaves, sticker, animal, cute, illustration, kawaii, flat design, nature, animal art, isolated, white background, digital art",nature
/home/bernardogv/projects/pod-designs/output/2026-02-14/nature/nature_024_nobg.png,Cute Chibi Fox Camping Sticker,"This adorable chibi fox is ready for adventure with its camping gear! Perfect for stickers, this cute outdoor illustration features a bold outline and a kawaii style design, ideal for nature lovers and fans of charming animal art. Get your cute fox sticker today!","fox, camping, chibi, kawaii, animal, cute, illustration, sticker, outdoor, nature, wildlife, adorable, forest, animal art, redbubble",nature
/home/bernardogv/projects/pod-designs/output/2026-02-14/nature/nature_022_nobg.png,Cute Kawaii Deer Sticker Art,"This adorable kawaii deer sticker features a charming chibi illustration set against a clean white background. Perfect for decorating notebooks, laptops, or water bottles, this high-quality design showcases a cute wildlife scene ideal for any nature lover.","deer, kawaii, cute, animal, wildlife, chibi, sticker, illustration, art, nature, forest, animal art, white background, isolated, adorable",nature
/home/bernardogv/projects/pod-designs/output/2026-02-14/nature/nature_028_nobg.png,Cute Chibi Moose Camping Sticker,"This adorable chibi moose illustration is perfect for any outdoor enthusiast! Featuring camping gear and a kawaii style, this high-quality sticker design is ideal for laptops, water bottles, and more. Bring a touch of nature's charm to your belongings with this cute and vibrant moose artwork.","moose, camping, chibi, kawaii, animal, cute, illustration, sticker, outdoor, nature, wildlife, forest, adorable, vector, digital art",nature
/home/bernardogv/projects/pod-designs/output/2026-02-14/nature/nature_030_nobg.png,Kawaii Deer Stargazing Sticker,"Adorable kawaii deer enjoying a night of stargazing! This cute outdoor adventure illustration is perfect for sticker designs and features bold outlines in a chibi style. Ideal for nature lovers and those seeking a charming, minimalist design.","deer, kawaii, stargazing, cute, nature, animal, chibi, illustration, sticker, outdoor, adventure, white, minimalist, isolated, vector",nature
/home/bernardogv/projects/pod-designs/output/2026-02-14/nature/nature_027_nobg.png,Cute Chibi Eagle Camping Sticker,"This adorable chibi eagle illustration is perfect for nature lovers and camping enthusiasts. Featuring a cute, kawaii-style eagle with camping gear, this high-quality sticker design is ideal for water bottles, laptops, and more.  Enjoy this clean and centered graphic!","eagle, camping, chibi, kawaii, cute, nature, outdoor, illustration, sticker, wildlife, bird, adorable, vector, isolated, graphic",nature
/home/bernardogv/projects/pod-designs/output/2026-02-14/nature/nature_029_nobg.png,Cute Cartoon Eagle Sticker - Lake Scene,"This adorable cartoon eagle sticker is perfect for nature lovers and fans of cute animal designs. Featuring a charming illustration of an eagle by a serene lake, this high-quality sticker is ideal for decorating laptops, water bottles, and more. Bring a touch of wildlife beauty to your belongings with this unique design!","eagle, cartoon, animal, cute, sticker, nature, lake, bird, illustration, character, wildlife, forest, adorable, gift, design",nature
/home/bernardogv/projects/pod-designs/output/2026-02-14/nature/nature_026_nobg.png,Cute Otter Sticker - Forest Illustration,"Bring a touch of adorable wildlife to your life with this cute otter sticker! Featuring a charming cartoon otter surrounded by forest elements, this high-quality illustration is perfect for laptops, water bottles, or any surface you want to brighten up.  Ideal for nature lovers and sticker enthusiasts!","otter, forest, animal, cute, cartoon, sticker, illustration, wildlife, nature, adorable, animal art, forest animal, sticker design, isolated, cartoon animal",nature
/home/bernardogv/projects/pod-designs/output/2026-02-14/nature/nature_021_nobg.png,Cute Kawaii Fox Sticker - Nature Illustration,"Bring a touch of adorable wildlife into your life with this cute kawaii fox sticker! This high-quality chibi illustration features a bold outline and a clean, centered design, perfect for laptops, water bottles, and more. A charming nature-inspired sticker for any animal lover.","fox, kawaii, animal, wildlife, sticker, chibi, cute, nature, illustration, animal art, fox art, adorable, isolated, sticker design, white background",nature
/home/bernardogv/projects/pod-designs/output/2026-02-14/nature/nature_023_nobg.png,Kawaii Fox Stargazing Illustration,"Adorable kawaii fox enjoying a night under the stars! This cute outdoor adventure illustration features a chibi-style fox with bold outlines, perfect for stickers or any nature lover.  Bring a touch of whimsical charm to your belongings with this high-quality design.","fox, kawaii, stargazing, cute, nature, animal, chibi, illustration, outdoor, adventure, sticker, digital art, white background, bold outlines, animal lover",nature
/home/bernardogv/projects/pod-designs/output/2026-02-14/valentines/valentines_033_nobg.png,Funny Cute Rose Bouquet Valentine,"Looking for a hilarious Valentine's Day sticker? This cute rose bouquet illustration brings a touch of humor to your love life, perfect for gifting or personal use. Featuring a charming character and bold outlines, this pastel design is ideal for any Valentine's Day celebration.","valentine, love, rose, bouquet, cute, funny, pastel, illustration, character, gift, sticker, design, romantic, floral, holiday",valentines
/home/bernardogv/projects/pod-designs/output/2026-02-14/valentines/valentines_034_nobg.png,Kawaii Mushroom Couple Valentine's,"This adorable kawaii mushroom couple illustration is the perfect Valentine's Day gift! Featuring a cute and romantic design with bold outlines and a clean white background, this sticker art is ideal for any lover of sweet and charming designs.  Get your unique kawaii mushroom love sticker today!","mushroom, couple, valentines, kawaii, cute, romantic, illustration, hearts, sticker, art, love, digital art, adorable, white background, isolated",valentines
/home/bernardogv/projects/pod-designs/output/2026-02-14/valentines/valentines_036_nobg.png,Cute Mushroom Couple Valentine's Sticker,"Looking for a charming Valentine's Day sticker? This adorable mushroom couple in a kawaii style makes a perfect gift for any lover! Featuring cute chibi proportions and a clean white background, this high-quality design is ideal for decorating notebooks, laptops, and more.","mushroom, couple, valentine, love, kawaii, sticker, chibi, cartoon, hearts, cute, digital art, isolated, white background, gift, redbubble",valentines
/home/bernardogv/projects/pod-designs/output/2026-02-14/valentines/valentines_035_nobg.png,Kawaii Fox Rabbit Valentine Sticker,"Adorable kawaii art featuring a fox and rabbit holding hands – the perfect Valentine's Day sticker! This high-quality chibi couple design is ideal for gifting or decorating, offering a cute and charming addition to any collection.  Perfect for sticker lovers and those seeking a sweet Valentine's surprise.","valentine, fox, rabbit, chibi, kawaii, couple, sticker, art, cute, adorable, gift, love, heart, chibi art, animal art",valentines
/home/bernardogv/projects/pod-designs/output/2026-02-14/valentines/valentines_032_nobg.png,Cute Rose Bouquet Valentine Chibi,"Looking for a funny and adorable Valentine's Day design? This cute chibi rose bouquet illustration is perfect for expressing your love with a humorous touch. Featuring a bold outline and a clean white background, this sticker design makes a fantastic gift!","valentines, love, chibi, rose, bouquet, funny, cute, illustration, character, sticker, gift, romantic, red, floral, design",valentines
/home/bernardogv/projects/pod-designs/output/2026-02-14/valentines/valentines_037_nobg.png,Cute Chocolate Valentine Character,"Looking for a funny and cute Valentine's Day gift? This adorable chocolate character illustration is perfect for expressing your love with a humorous touch. Featuring a kawaii style design with bold outlines, it’s ideal for stickers, gifts, and any Valentine's Day celebration!","valentine, chocolate, kawaii, love, funny, cute, character, illustration, sticker, gift, redbubble, holiday, romantic, design, expression",valentines
/home/bernardogv/projects/pod-designs/output/2026-02-14/valentines/valentines_038_nobg.png,Cute Rose Bouquet Valentine Chibi,Looking for a charming Valentine's Day sticker? This cute chibi rose bouquet illustration brings a humorous and expressive touch to any gift or collection. Perfect for lovers and anyone who enjoys a playful take on romance!,"valentine, love, chibi, rose, bouquet, funny, cute, illustration, sticker, gift, romantic, character, digital art, isolated, design",valentines
/home/bernardogv/projects/pod-designs/output/2026-02-14/valentines/valentines_031_nobg.png,Kawaii Corgi Couple Valentine Sticker,"Looking for a sweet Valentine's Day sticker? This adorable kawaii corgi couple holds hands in a charming chibi art style – perfect for decorating laptops, water bottles, or adding a touch of cuteness to your gifts.  Featuring bold outlines and a clean white background, this high-quality sticker design is sure to bring a smile!","corgi, valentine, kawaii, couple, chibi, sticker, art, cute, animal, dog, gift, redbubble, chibi art, heart, adorable",valentines
/home/bernardogv/projects/pod-designs/output/2026-02-14/valentines/valentines_039_nobg.png,Kawaii Otter Couple Valentine Sticker,"This adorable kawaii otter couple sticker is perfect for Valentine's Day or any occasion! Featuring a charming chibi design with bold outlines and a clean white background, this high-quality art piece is ideal for stickers, phone cases, and more. Show your love with this cute and delightful otter design!","otter, couple, valentine, kawaii, chibi, sticker, art, cute, adorable, animal, gift, love, heart, romantic, digital art",valentines
/home/bernardogv/projects/pod-designs/output/2026-02-14/valentines/valentines_040_nobg.png,Cute Coffee Hearts Valentine Sticker,"Adorable coffee cups falling in love with hearts - the perfect kawaii Valentine's Day sticker! This cute chibi illustration features pink and red accents on a white background, ideal for decorating laptops, water bottles, and more.  Get this charming Valentine design today!","valentine, love, coffee, kawaii, chibi, sticker, illustration, heart, pink, red, cute, gift, valentine's day, chibi art, digital art",valentines
